threshold,precision,recall,f1,target_customers,target_rate,fn,fp,tn,tp
0.05,0.6253630675061892,0.9997974257487456,0.7694457103110834,102598,0.820784,13,38437,22389,64161
0.06,0.6283413817084758,0.9995948514974912,0.7716356418969716,102091,0.816728,26,37943,22883,64148
0.07,0.630031339955004,0.9992987814379656,0.7728201203897301,101787,0.814296,45,37658,23168,64129
0.08,0.6329165185097388,0.9985196497023717,0.7747524453203399,101244,0.809952,95,37165,23661,64079
0.09,0.63786488075662,0.997350952098981,0.7780931829924324,100341,0.802728,170,36337,24489,64004
0.1,0.646216437773887,0.9949823916227756,0.7835418417871802,98809,0.790472,322,34957,25869,63852
0.11,0.6593957992079454,0.99111789821423,0.7919219084615767,96458,0.771664,570,32854,27972,63604
0.12,0.6822203042399396,0.9853679060055475,0.8062398000815993,92690,0.74152,939,29455,31371,63235
0.13,0.7114336539877857,0.9784180509240502,0.823835046676857,88257,0.706056,1385,25468,35358,62789
0.14,0.7344849873670604,0.9739302521270297,0.8374277311431041,85095,0.68076,1673,22594,38232,62501
0.15,0.7478879662074593,0.9711565431483156,0.8450232532913915,83332,0.666656,1851,21009,39817,62323
0.16,0.755051025980172,0.9695982796771279,0.8489797589079224,82409,0.659272,1951,20186,40640,62223
0.17,0.7592380021980706,0.9688347305762458,0.8513254463796692,81890,0.65512,2000,19716,41110,62174
0.18,0.7616695873825076,0.9685074952472964,0.8527250900360144,81601,0.652808,2021,19448,41378,62153
0.19,0.7633677845915621,0.9679309377629569,0.8535641897694871,81371,0.650968,2058,19255,41571,62116
0.2,0.7646863182271714,0.9673387976439056,0.8541570637404974,81181,0.649448,2096,19103,41723,62078
0.21,0.7659246089071625,0.9666375790818712,0.8546550477043364,80991,0.647928,2141,18958,41868,62033
0.22,0.7671482155457348,0.9656714557297348,0.85503777034252,80781,0.646248,2203,18810,42016,61971
0.23,0.7684764529182493,0.9647209150123103,0.8554886137519345,80562,0.644496,2264,18652,42174,61910
0.24,0.7702781826562519,0.963489886870072,0.856118245699055,80271,0.642168,2343,18440,42386,61831
0.25,0.7727648384673178,0.9616511359740705,0.8569226710360054,79860,0.63888,2461,18147,42679,61713
0.26,0.7755914439041597,0.9593916539408484,0.8577558583409959,79382,0.635056,2606,17814,43012,61568
0.27,0.7788895652615025,0.9570386760993549,0.8588228713660453,78852,0.630816,2757,17435,43391,61417
0.28,0.7827026059839219,0.9542961323900645,0.8600237331217481,78243,0.625944,2933,17002,43824,61241
0.29,0.7861389961389962,0.9518340761055879,0.8610880076687765,77700,0.6216,3091,16617,44209,61083
0.3,0.7892964895697101,0.9498394988624677,0.862157976251936,77227,0.617816,3219,16272,44554,60955
0.31,0.7914363383322711,0.9481721569482968,0.8627434299609378,76883,0.615064,3326,16035,44791,60848
0.32,0.793109748140415,0.9470502072490417,0.8632709298031306,76630,0.61304,3398,15854,44972,60776
0.33,0.794175747982051,0.9459594228192103,0.8634479031099542,76439,0.611512,3468,15733,45093,60706
0.34,0.7950580061611063,0.945102377910057,0.8636114453328018,76285,0.61028,3523,15634,45192,60651
0.35,0.7959365929895066,0.9443855767133107,0.8638297569075736,76143,0.609144,3569,15538,45288,60605
0.36,0.796399074122784,0.9436064449777168,0.8637757649240425,76036,0.608288,3619,15481,45345,60555
0.37,0.7969863410650545,0.9428740611462586,0.8638138406081588,75921,0.607368,3666,15413,45413,60508
0.38,0.7975433411615696,0.9419546856982579,0.8637545724737082,75794,0.606352,3725,15345,45481,60449
0.39,0.7983497738872875,0.9408171533642908,0.8637482117310443,75626,0.605008,3798,15250,45576,60376
0.4,0.7991355536699194,0.9392277246236793,0.8635367268872047,75424,0.603392,3900,15150,45676,60274
0.41,0.8002768018737357,0.9370773210334403,0.8632911755839159,75144,0.601152,4038,15008,45818,60136
0.42,0.8018678583852926,0.9338672982827937,0.8628484220225754,74738,0.597904,4244,14808,46018,59930
0.43,0.8040195589800234,0.9300963006825194,0.8624748033032057,74237,0.593896,4486,14549,46277,59688
0.44,0.8069525922497924,0.9238320815283448,0.8614459144308101,73469,0.587752,4888,14183,46643,59286
0.45,0.8112884519798973,0.9156356156698975,0.8603095123058228,72428,0.579424,5414,13668,47158,58760
0.46,0.8175639546337208,0.9053666593947705,0.8592280390417036,71066,0.568528,6073,12965,47861,58101
0.47,0.8252516936054658,0.8902826689936735,0.856534612645703,69231,0.553848,7041,12098,48728,57133
0.48,0.8361452972327889,0.8734222582354224,0.8543773674061993,67035,0.53628,8123,10984,49842,56051
0.49,0.848317125585566,0.8550191666406957,0.8516549610026775,64681,0.517448,9304,9811,51015,54870
0.5,0.8622467830808527,0.8363823355252906,0.8491176447323667,62249,0.497992,10500,8575,52251,53674
0.51,0.8766988674217189,0.8202231433290741,0.847521213389795,60040,0.48032,11537,7403,53423,52637
0.52,0.8890187719177611,0.8058715367594352,0.8454056528206889,58172,0.465376,12458,6456,54370,51716
0.53,0.8992008749801542,0.7942936391685106,0.8434979025492094,56687,0.453496,13201,5714,55112,50973
0.54,0.9080588192892669,0.7852089631314862,0.8421773937459262,55492,0.443936,13784,5102,55724,50390
0.55,0.9138511658552656,0.7780565337987347,0.8405043261623405,54638,0.437104,14243,4707,56119,49931
0.56,0.9184614529898701,0.7728363511702558,0.839379553705161,53999,0.431992,14578,4403,56423,49596
0.57,0.9220245215311005,0.7687225356063203,0.8384234946209147,53504,0.428032,14842,4172,56654,49332
0.58,0.9248226416514556,0.7658241655499112,0.8378468226569492,53141,0.425128,15028,3995,56831,49146
0.59,0.9270354609929078,0.763814005672079,0.8375466684892652,52875,0.423,15157,3858,56968,49017
0.6,0.928690765492102,0.7622401595661794,0.8372729918011742,52672,0.421376,15258,3756,57070,48916
0.61,0.9298071793308437,0.7604325739396017,0.8366335784944025,52484,0.419872,15374,3684,57142,48800
0.62,0.931071414910301,0.7585938230436002,0.8360295380388116,52286,0.418288,15492,3604,57222,48682
0.63,0.931824719532074,0.7571602206501076,0.8354611026573475,52145,0.41716,15584,3555,57271,48590
0.64,0.9330306469920545,0.7557266182566148,0.8350709839608104,51979,0.415832,15676,3481,57345,48498
0.65,0.9340886281170385,0.7541527721507152,0.8345317538323591,51812,0.414496,15777,3415,57411,48397
0.66,0.9349396656917623,0.7521737775423069,0.833657159140955,51629,0.413032,15904,3359,57467,48270
0.67,0.9362597129447506,0.7491507464082027,0.8323191052863932,51349,0.410792,16098,3273,57553,48076
0.68,0.9380477189405376,0.7455823230591828,0.8308141099660534,51007,0.408056,16327,3160,57666,47847
0.69,0.9397542764587367,0.7413594290522642,0.8288501742160279,50626,0.405008,16598,3050,57776,47576
0.7,0.9419016889738687,0.7369183781593792,0.8268958402545855,50208,0.401664,16883,2917,57909,47291
0.71,0.9443573352631367,0.7320410134945616,0.824754213483146,49746,0.397968,17196,2768,58058,46978
0.72,0.9463945136549933,0.7268364135007948,0.8222104706504495,49286,0.394288,17530,2642,58184,46644
0.73,0.9486460486726569,0.722223953626079,0.8200936026399838,48857,0.390856,17826,2509,58317,46348
0.74,0.9507252955863236,0.7179698943497367,0.8181148290526203,48463,0.387704,18099,2388,58438,46075
0.75,0.9522345266044753,0.7141833141147506,0.8162058679488892,48131,0.385048,18342,2299,58527,45832
0.76,0.9532872333758121,0.7110512045376632,0.8145411054881695,47867,0.382936,18543,2236,58590,45631
0.77,0.954495867075064,0.7089631314862717,0.8136087267525036,47666,0.381328,18677,2169,58657,45497
0.78,0.9552898581231845,0.7071711284944059,0.812714899713467,47506,0.380048,18792,2124,58702,45382
0.79,0.9557286718601558,0.7054258734066756,0.8117194574192449,47367,0.378936,18904,2097,58729,45270
0.8,0.9561652542372882,0.7032598871817247,0.8104404977822472,47200,0.3776,19043,2069,58757,45131
0.81,0.9566068237896708,0.7007822482625362,0.8089507671829187,47012,0.376096,19202,2040,58786,44972
0.82,0.95709154658571,0.6975878081466014,0.806990662292245,46774,0.374192,19407,2007,58819,44767
0.83,0.9575275424185585,0.6920715554585969,0.8034407590654594,46383,0.371064,19761,1970,58856,44413
0.84,0.9583105969660591,0.6841555770249634,0.7983525625289801,45815,0.36652,20269,1910,58916,43905
0.85,0.9598296885797721,0.6709415027892917,0.7897975842176221,44859,0.358872,21117,1802,59024,43057
0.86,0.9615615061990137,0.6502010159877832,0.7758069314294214,43394,0.347152,22448,1668,59158,41726
0.87,0.9648719314385319,0.6210459064418612,0.7556882821387941,41306,0.330448,24319,1451,59375,39855
0.88,0.9701496401387666,0.58392807055817,0.7290466926070039,38626,0.309008,26701,1153,59673,37473
0.89,0.9767908633459603,0.5384267771994888,0.6941977739382007,35374,0.282992,29621,821,60005,34553
0.9,0.9835878098534957,0.49588618443606447,0.6593527266699818,32354,0.258832,32351,531,60295,31823
0.91,0.9902212729032474,0.4623367719013931,0.630357882660378,29963,0.239704,34504,293,60533,29670
0.92,0.9940705915374359,0.4415027892916134,0.6114420130346584,28502,0.228016,35841,169,60657,28333
0.93,0.9966046595629402,0.4299404743354006,0.6007250242219053,27685,0.22148,36583,94,60732,27591
0.94,0.9980484571765226,0.42236731386542836,0.5935488109315464,27158,0.217264,37069,53,60773,27105
0.95,0.9992109119603202,0.4143734222582354,0.5858107438289623,26613,0.212904,37582,21,60805,26592
