model,scenario,threshold,pr_auc,roc_auc,f1,recall,precision,fn,fp,tn,tp,target_customers,target_rate
catboost,recall_first,0.29,0.9478973394900623,0.9419585884019898,0.8610880076687765,0.9518340761055879,0.7861389961389962,3091.0,16617.0,44209.0,61083.0,77700.0,0.6216
catboost,balanced_f1,0.3499999999999999,0.9478973394900623,0.9419585884019898,0.8638297569075736,0.9443855767133107,0.7959365929895066,3569.0,15538.0,45288.0,60605.0,76143.0,0.609144
catboost,precision_first,0.74,0.9478973394900623,0.9419585884019898,0.8181148290526203,0.7179698943497367,0.9507252955863236,18099.0,2388.0,58438.0,46075.0,48463.0,0.387704
xgboost,recall_first,0.27999999999999997,0.947765165335874,0.9418180534086229,0.8603692342329665,0.9527690341883006,0.784306934503194,3031.0,16815.0,44011.0,61143.0,77958.0,0.623664
xgboost,balanced_f1,0.36999999999999994,0.947765165335874,0.9418180534086229,0.8641975308641975,0.9435285318041574,0.7971720469745642,3624.0,15406.0,45420.0,60550.0,75956.0,0.607648
xgboost,precision_first,0.73,0.947765165335874,0.9418180534086229,0.8178645329165297,0.7175335805778041,0.9508145945611101,18127.0,2382.0,58444.0,46047.0,48429.0,0.387432
lightgbm,recall_first,0.27999999999999997,0.9477897350692123,0.9418391150458763,0.8622706219283669,0.9500576557484339,0.7893346797685167,3205.0,16272.0,44554.0,60969.0,77241.0,0.617928
lightgbm,balanced_f1,0.35999999999999993,0.9477897350692123,0.9418391150458763,0.8642538451669921,0.9447751425811076,0.7963799716282247,3544.0,15502.0,45324.0,60630.0,76132.0,0.609056
lightgbm,precision_first,0.7699999999999999,0.9477897350692123,0.9418391150458763,0.8187269372693727,0.7191385919531275,0.9503315349450188,18024.0,2412.0,58414.0,46150.0,48562.0,0.388496
