threshold,oof_target_customers,oof_target_rate,oof_tp,oof_fn,oof_fp,oof_tn,oof_precision,oof_recall,oof_f1
0.05,102598,0.820784,64161,13,38437,22389,0.6253630675061892,0.9997974257487456,0.7694457103110834
0.06,102091,0.816728,64148,26,37943,22883,0.6283413817084758,0.9995948514974912,0.7716356418969716
0.07,101787,0.814296,64129,45,37658,23168,0.630031339955004,0.9992987814379656,0.7728201203897301
0.08,101244,0.809952,64079,95,37165,23661,0.6329165185097388,0.9985196497023717,0.7747524453203399
0.09,100341,0.802728,64004,170,36337,24489,0.63786488075662,0.997350952098981,0.7780931829924324
0.1,98809,0.790472,63852,322,34957,25869,0.646216437773887,0.9949823916227756,0.7835418417871802
0.11,96458,0.771664,63604,570,32854,27972,0.6593957992079454,0.99111789821423,0.7919219084615767
0.12,92690,0.74152,63235,939,29455,31371,0.6822203042399396,0.9853679060055475,0.8062398000815993
0.13,88257,0.706056,62789,1385,25468,35358,0.7114336539877857,0.9784180509240502,0.823835046676857
0.14,85095,0.68076,62501,1673,22594,38232,0.7344849873670604,0.9739302521270297,0.8374277311431041
0.15,83332,0.666656,62323,1851,21009,39817,0.7478879662074593,0.9711565431483156,0.8450232532913915
0.16,82409,0.659272,62223,1951,20186,40640,0.755051025980172,0.9695982796771279,0.8489797589079224
0.17,81890,0.65512,62174,2000,19716,41110,0.7592380021980706,0.9688347305762458,0.8513254463796692
0.18,81601,0.652808,62153,2021,19448,41378,0.7616695873825076,0.9685074952472964,0.8527250900360144
0.19,81371,0.650968,62116,2058,19255,41571,0.7633677845915621,0.9679309377629569,0.8535641897694871
0.2,81181,0.649448,62078,2096,19103,41723,0.7646863182271714,0.9673387976439056,0.8541570637404974
0.21,80991,0.647928,62033,2141,18958,41868,0.7659246089071625,0.9666375790818712,0.8546550477043364
0.22,80781,0.646248,61971,2203,18810,42016,0.7671482155457348,0.9656714557297348,0.85503777034252
0.23,80562,0.644496,61910,2264,18652,42174,0.7684764529182493,0.9647209150123103,0.8554886137519345
0.24,80271,0.642168,61831,2343,18440,42386,0.7702781826562519,0.963489886870072,0.856118245699055
0.25,79860,0.63888,61713,2461,18147,42679,0.7727648384673178,0.9616511359740705,0.8569226710360054
0.26,79382,0.635056,61568,2606,17814,43012,0.7755914439041597,0.9593916539408484,0.8577558583409959
0.27,78852,0.630816,61417,2757,17435,43391,0.7788895652615025,0.9570386760993549,0.8588228713660453
0.28,78243,0.625944,61241,2933,17002,43824,0.7827026059839219,0.9542961323900645,0.8600237331217481
0.29,77700,0.6216,61083,3091,16617,44209,0.7861389961389962,0.9518340761055879,0.8610880076687765
0.3,77227,0.617816,60955,3219,16272,44554,0.7892964895697101,0.9498394988624677,0.862157976251936
0.31,76883,0.615064,60848,3326,16035,44791,0.7914363383322711,0.9481721569482968,0.8627434299609378
0.32,76630,0.61304,60776,3398,15854,44972,0.793109748140415,0.9470502072490417,0.8632709298031306
0.33,76439,0.611512,60706,3468,15733,45093,0.794175747982051,0.9459594228192103,0.8634479031099542
0.34,76285,0.61028,60651,3523,15634,45192,0.7950580061611063,0.945102377910057,0.8636114453328018
0.35,76143,0.609144,60605,3569,15538,45288,0.7959365929895066,0.9443855767133107,0.8638297569075736
0.36,76036,0.608288,60555,3619,15481,45345,0.796399074122784,0.9436064449777168,0.8637757649240425
0.37,75921,0.607368,60508,3666,15413,45413,0.7969863410650545,0.9428740611462586,0.8638138406081588
0.38,75794,0.606352,60449,3725,15345,45481,0.7975433411615696,0.9419546856982579,0.8637545724737082
0.39,75626,0.605008,60376,3798,15250,45576,0.7983497738872875,0.9408171533642908,0.8637482117310443
0.4,75424,0.603392,60274,3900,15150,45676,0.7991355536699194,0.9392277246236793,0.8635367268872047
0.41,75144,0.601152,60136,4038,15008,45818,0.8002768018737357,0.9370773210334403,0.8632911755839159
0.42,74738,0.597904,59930,4244,14808,46018,0.8018678583852926,0.9338672982827937,0.8628484220225754
0.43,74237,0.593896,59688,4486,14549,46277,0.8040195589800234,0.9300963006825194,0.8624748033032057
0.44,73469,0.587752,59286,4888,14183,46643,0.8069525922497924,0.9238320815283448,0.8614459144308101
0.45,72428,0.579424,58760,5414,13668,47158,0.8112884519798973,0.9156356156698975,0.8603095123058228
0.46,71066,0.568528,58101,6073,12965,47861,0.8175639546337208,0.9053666593947705,0.8592280390417036
0.47,69231,0.553848,57133,7041,12098,48728,0.8252516936054658,0.8902826689936735,0.856534612645703
0.48,67035,0.53628,56051,8123,10984,49842,0.8361452972327889,0.8734222582354224,0.8543773674061993
0.49,64681,0.517448,54870,9304,9811,51015,0.848317125585566,0.8550191666406957,0.8516549610026775
0.5,62249,0.497992,53674,10500,8575,52251,0.8622467830808527,0.8363823355252906,0.8491176447323667
0.51,60040,0.48032,52637,11537,7403,53423,0.8766988674217189,0.8202231433290741,0.847521213389795
0.52,58172,0.465376,51716,12458,6456,54370,0.8890187719177611,0.8058715367594352,0.8454056528206889
0.53,56687,0.453496,50973,13201,5714,55112,0.8992008749801542,0.7942936391685106,0.8434979025492094
0.54,55492,0.443936,50390,13784,5102,55724,0.9080588192892669,0.7852089631314862,0.8421773937459262
0.55,54638,0.437104,49931,14243,4707,56119,0.9138511658552656,0.7780565337987347,0.8405043261623405
0.56,53999,0.431992,49596,14578,4403,56423,0.9184614529898701,0.7728363511702558,0.839379553705161
0.57,53504,0.428032,49332,14842,4172,56654,0.9220245215311005,0.7687225356063203,0.8384234946209147
0.58,53141,0.425128,49146,15028,3995,56831,0.9248226416514556,0.7658241655499112,0.8378468226569492
0.59,52875,0.423,49017,15157,3858,56968,0.9270354609929078,0.763814005672079,0.8375466684892652
0.6,52672,0.421376,48916,15258,3756,57070,0.928690765492102,0.7622401595661794,0.8372729918011742
0.61,52484,0.419872,48800,15374,3684,57142,0.9298071793308437,0.7604325739396017,0.8366335784944025
0.62,52286,0.418288,48682,15492,3604,57222,0.931071414910301,0.7585938230436002,0.8360295380388116
0.63,52145,0.41716,48590,15584,3555,57271,0.931824719532074,0.7571602206501076,0.8354611026573475
0.64,51979,0.415832,48498,15676,3481,57345,0.9330306469920545,0.7557266182566148,0.8350709839608104
0.65,51812,0.414496,48397,15777,3415,57411,0.9340886281170385,0.7541527721507152,0.8345317538323591
0.66,51629,0.413032,48270,15904,3359,57467,0.9349396656917623,0.7521737775423069,0.833657159140955
0.67,51349,0.410792,48076,16098,3273,57553,0.9362597129447506,0.7491507464082027,0.8323191052863932
0.68,51007,0.408056,47847,16327,3160,57666,0.9380477189405376,0.7455823230591828,0.8308141099660534
0.69,50626,0.405008,47576,16598,3050,57776,0.9397542764587367,0.7413594290522642,0.8288501742160279
0.7,50208,0.401664,47291,16883,2917,57909,0.9419016889738687,0.7369183781593792,0.8268958402545855
0.71,49746,0.397968,46978,17196,2768,58058,0.9443573352631367,0.7320410134945616,0.824754213483146
0.72,49286,0.394288,46644,17530,2642,58184,0.9463945136549933,0.7268364135007948,0.8222104706504495
0.73,48857,0.390856,46348,17826,2509,58317,0.9486460486726569,0.722223953626079,0.8200936026399838
0.74,48463,0.387704,46075,18099,2388,58438,0.9507252955863236,0.7179698943497367,0.8181148290526203
0.75,48131,0.385048,45832,18342,2299,58527,0.9522345266044753,0.7141833141147506,0.8162058679488892
0.76,47867,0.382936,45631,18543,2236,58590,0.9532872333758121,0.7110512045376632,0.8145411054881695
0.77,47666,0.381328,45497,18677,2169,58657,0.954495867075064,0.7089631314862717,0.8136087267525036
0.78,47506,0.380048,45382,18792,2124,58702,0.9552898581231845,0.7071711284944059,0.812714899713467
0.79,47367,0.378936,45270,18904,2097,58729,0.9557286718601558,0.7054258734066756,0.8117194574192449
0.8,47200,0.3776,45131,19043,2069,58757,0.9561652542372882,0.7032598871817247,0.8104404977822472
0.81,47012,0.376096,44972,19202,2040,58786,0.9566068237896708,0.7007822482625362,0.8089507671829187
0.82,46774,0.374192,44767,19407,2007,58819,0.95709154658571,0.6975878081466014,0.806990662292245
0.83,46383,0.371064,44413,19761,1970,58856,0.9575275424185585,0.6920715554585969,0.8034407590654594
0.84,45815,0.36652,43905,20269,1910,58916,0.9583105969660591,0.6841555770249634,0.7983525625289801
0.85,44859,0.358872,43057,21117,1802,59024,0.9598296885797721,0.6709415027892917,0.7897975842176221
0.86,43394,0.347152,41726,22448,1668,59158,0.9615615061990137,0.6502010159877832,0.7758069314294214
0.87,41306,0.330448,39855,24319,1451,59375,0.9648719314385319,0.6210459064418612,0.7556882821387941
0.88,38626,0.309008,37473,26701,1153,59673,0.9701496401387666,0.58392807055817,0.7290466926070039
0.89,35374,0.282992,34553,29621,821,60005,0.9767908633459603,0.5384267771994888,0.6941977739382007
0.9,32354,0.258832,31823,32351,531,60295,0.9835878098534957,0.49588618443606447,0.6593527266699818
0.91,29963,0.239704,29670,34504,293,60533,0.9902212729032474,0.4623367719013931,0.630357882660378
0.92,28502,0.228016,28333,35841,169,60657,0.9940705915374359,0.4415027892916134,0.6114420130346584
0.93,27685,0.22148,27591,36583,94,60732,0.9966046595629402,0.4299404743354006,0.6007250242219053
0.94,27158,0.217264,27105,37069,53,60773,0.9980484571765226,0.42236731386542836,0.5935488109315464
0.95,26613,0.212904,26592,37582,21,60805,0.9992109119603202,0.4143734222582354,0.5858107438289623
